Pais 1,Pais 2
Argentina,New Zealand
Argentina,United Arab Emirates
Argentina,Greece
Argentina,United Kingdom
Argentina,Austria
Argentina,Nepal
Argentina,Uruguay
Argentina,Israel
Argentina,Chile
Argentina,Egypt
Argentina,Costa Rica
Argentina,Iran
Argentina,Spain
Argentina,Qatar
Argentina,South Korea
Argentina,Russia
Argentina,South Africa
Australia,Canada
Australia,Croatia
Australia,Kenya
Australia,Nepal
Australia,Israel
Australia,China
Australia,Sweden
Australia,France
Australia,Denmark
Australia,Italy
Australia,Brazil
Australia,Portugal
Australia,Hong Kong
Australia,South Africa
Australia,South Korea
Austria,Libya
Austria,Croatia
Austria,Kenya
Austria,Saudi Arabia
Austria,India
Austria,South Korea
Austria,Spain
Austria,Iran
Austria,Portugal
Austria,Turkey
Austria,Switzerland
Austria,United Arab Emirates
Austria,Italy
Austria,Chile
Austria,Brazil
Austria,Norway
Austria,Uruguay
Austria,France
Brazil,Denmark
Brazil,Italy
Brazil,Portugal
Brazil,Qatar
Brazil,Mexico
Brazil,China
Brazil,Hong Kong
Brazil,Costa Rica
Brazil,Switzerland
Brazil,United Kingdom
Brazil,United States
Brazil,Greece
Brazil,Croatia
Brazil,Australia
Brazil,Nepal
Brazil,France
China,Germany
China,Mexico
China,Hong Kong
China,Sweden
China,India
China,Chile
China,Colombia
China,Greece
China,Egypt
China,Nepal
China,Libya
China,Spain
China,New Zealand
China,Croatia
China,United Arab Emirates
Croatia,Canada
Croatia,Israel
Croatia,Switzerland
Croatia,Austria
Croatia,Mexico
Croatia,New Zealand
Croatia,Iran
Croatia,United Kingdom
Croatia,India
Croatia,Greece
Croatia,South Africa
Croatia,Hong Kong
Croatia,Uruguay
Croatia,Germany
Croatia,Nepal
Croatia,Thailand
Croatia,Australia
Croatia,Norway
Canada,Colombia
Canada,France
Canada,Turkey
Canada,Uruguay
Canada,United Arab Emirates
Canada,Norway
Canada,Japan
Canada,Sweden
Canada,Brazil
Canada,South Korea
Canada,Germany
Canada,Qatar
Canada,Russia
Canada,Hong Kong
Canada,India
Canada,United Kingdom
Canada,Saudi Arabia
Costa Rica,Egypt
Costa Rica,Italy
Costa Rica,Iran
Costa Rica,Brazil
Costa Rica,Norway
Costa Rica,South Korea
Costa Rica,Chile
Costa Rica,Canada
Costa Rica,Germany
Costa Rica,Austria
Costa Rica,Qatar
Costa Rica,Nepal
Costa Rica,Croatia
Costa Rica,New Zealand
Costa Rica,Saudi Arabia
Costa Rica,Kenya
Costa Rica,Argentina
Costa Rica,Australia
Colombia,India
Colombia,Japan
Colombia,Sweden
Colombia,China
Colombia,Qatar
Colombia,Nepal
Colombia,Turkey
Colombia,Denmark
Colombia,Australia
Colombia,Norway
Colombia,Russia
Colombia,Switzerland
Colombia,Saudi Arabia
Colombia,Austria
Colombia,United Kingdom
Colombia,New Zealand
Colombia,Argentina
Chile,Denmark
Chile,China
Chile,Norway
Chile,Japan
Chile,United Arab Emirates
Chile,Costa Rica
Chile,New Zealand
Chile,Sweden
Chile,South Africa
Chile,Netherlands
Chile,Austria
Chile,Nepal
Chile,Croatia
Chile,United States
Chile,France
Denmark,Egypt
Denmark,France
Denmark,China
Denmark,Costa Rica
Denmark,Sweden
Denmark,Argentina
Denmark,Portugal
Denmark,United States
Denmark,Mexico
Denmark,Chile
Denmark,Thailand
Denmark,Russia
Denmark,Norway
Denmark,Australia
Denmark,Turkey
Egypt,Portugal
Egypt,Thailand
Egypt,Mexico
Egypt,Italy
Egypt,Norway
Egypt,France
Egypt,Uruguay
Egypt,Libya
Egypt,Kenya
Egypt,Nepal
Egypt,Austria
Egypt,Netherlands
Egypt,Greece
Egypt,United Kingdom
Egypt,New Zealand
Egypt,Russia
Egypt,South Korea
Egypt,Switzerland
France,Germany
France,Mexico
France,South Africa
France,Uruguay
France,United States
France,India
France,South Korea
France,Chile
France,Italy
France,Netherlands
France,Nepal
France,United Kingdom
France,Russia
France,Kenya
France,Brazil
France,United Arab Emirates
Germany,Libya
Germany,Spain
Germany,Switzerland
Germany,Netherlands
Germany,Argentina
Germany,Japan
Germany,Croatia
Germany,Portugal
Germany,France
Germany,Qatar
Germany,India
Germany,South Korea
Germany,China
Germany,South Africa
Germany,Chile
Germany,Egypt
Germany,Thailand
Greece,Canada
Greece,Russia
Greece,Saudi Arabia
Greece,United States
Greece,Australia
Greece,Sweden
Greece,South Africa
Greece,Chile
Greece,Denmark
Greece,Italy
Greece,Turkey
Greece,Thailand
Greece,Egypt
Greece,Costa Rica
Greece,South Korea
Hong Kong,New Zealand
Hong Kong,Kenya
Hong Kong,Saudi Arabia
Hong Kong,Croatia
Hong Kong,Austria
Hong Kong,Germany
Hong Kong,United States
Hong Kong,Qatar
Hong Kong,Sweden
Hong Kong,South Africa
Hong Kong,Canada
Hong Kong,Russia
Hong Kong,Chile
Hong Kong,United Arab Emirates
Hong Kong,China
Hong Kong,Thailand
Hong Kong,Iran
Hong Kong,Uruguay
Israel,Kenya
Israel,United States
Israel,Australia
Israel,Greece
Israel,China
Israel,India
Israel,Uruguay
Israel,Mexico
Israel,Thailand
Israel,Denmark
Israel,Iran
Israel,South Korea
Israel,Russia
Israel,South Africa
Israel,Hong Kong
Israel,Spain
Italy,India
Italy,South Korea
Italy,Costa Rica
Italy,Sweden
Italy,France
Italy,Uruguay
Italy,Egypt
Italy,Nepal
Italy,Turkey
Italy,Denmark
Italy,Chile
Italy,Russia
Italy,Libya
Italy,Saudi Arabia
Italy,Austria
Italy,Portugal
Italy,New Zealand
Italy,United Arab Emirates
Italy,United Kingdom
India,Australia
India,South Africa
India,Qatar
India,France
India,Portugal
India,United Arab Emirates
India,Croatia
India,Mexico
India,United States
India,Chile
India,United Kingdom
India,Argentina
India,Austria
India,Saudi Arabia
India,Turkey
India,Norway
India,Greece
Iran,Greece
Iran,Israel
Iran,New Zealand
Iran,Nepal
Iran,United Kingdom
Iran,Spain
Iran,United States
Iran,Switzerland
Iran,India
Iran,Sweden
Iran,South Africa
Iran,Mexico
Iran,Norway
Iran,Turkey
Iran,Libya
Japan,Qatar
Japan,United Arab Emirates
Japan,Norway
Japan,Chile
Japan,Netherlands
Japan,Israel
Japan,Libya
Japan,Austria
Japan,Kenya
Japan,New Zealand
Japan,Saudi Arabia
Japan,Canada
Japan,United Kingdom
Japan,Switzerland
Japan,Costa Rica
Kenya,Canada
Kenya,Israel
Kenya,Libya
Kenya,Colombia
Kenya,Norway
Kenya,Austria
Kenya,Mexico
Kenya,Saudi Arabia
Kenya,United Arab Emirates
Kenya,Iran
Kenya,Argentina
Kenya,Uruguay
Kenya,China
Kenya,Egypt
Kenya,Thailand
Kenya,Denmark
Kenya,Australia
Kenya,Chile
Libya,India
Libya,Norway
Libya,Brazil
Libya,Portugal
Libya,Iran
Libya,Turkey
Libya,Mexico
Libya,Thailand
Libya,Egypt
Libya,Italy
Libya,United Kingdom
Libya,Greece
Libya,Australia
Libya,New Zealand
Libya,United States
Libya,Qatar
Libya,Spain
Libya,Costa Rica
Mexico,Costa Rica
Mexico,Brazil
Mexico,India
Mexico,Qatar
Mexico,Colombia
Mexico,Turkey
Mexico,Saudi Arabia
Mexico,Egypt
Mexico,Israel
Mexico,Greece
Mexico,Canada
Mexico,Portugal
Mexico,Japan
Mexico,New Zealand
Netherlands,Saudi Arabia
Netherlands,New Zealand
Netherlands,Argentina
Netherlands,Austria
Netherlands,Kenya
Netherlands,Uruguay
Netherlands,Costa Rica
Netherlands,Denmark
Netherlands,Brazil
Netherlands,Norway
Netherlands,Egypt
Netherlands,Japan
Netherlands,Mexico
Netherlands,Hong Kong
Netherlands,Switzerland
Netherlands,Germany
Netherlands,South Korea
Netherlands,Russia
Netherlands,South Africa
Norway,Egypt
Norway,Iran
Norway,Spain
Norway,Germany
Norway,South Korea
Norway,Russia
Norway,Canada
Norway,Saudi Arabia
Norway,Sweden
Norway,Australia
Norway,Netherlands
Norway,United Kingdom
Norway,Greece
Norway,New Zealand
Norway,United States
Norway,Libya
Norway,China
New Zealand,Austria
New Zealand,Spain
New Zealand,Saudi Arabia
New Zealand,Canada
New Zealand,Denmark
New Zealand,Nepal
New Zealand,Qatar
New Zealand,France
New Zealand,Germany
New Zealand,Hong Kong
New Zealand,Sweden
New Zealand,United Kingdom
New Zealand,Brazil
New Zealand,United Arab Emirates
New Zealand,Argentina
New Zealand,Croatia
Nepal,Australia
Nepal,China
Nepal,Canada
Nepal,Libya
Nepal,Kenya
Nepal,Spain
Nepal,Portugal
Nepal,United Arab Emirates
Nepal,United States
Nepal,Mexico
Nepal,Japan
Nepal,Iran
Nepal,Brazil
Nepal,South Korea
Nepal,Germany
Nepal,Hong Kong
Nepal,Thailand
Nepal,France
Nepal,Egypt
Portugal,Greece
Portugal,Australia
Portugal,New Zealand
Portugal,Austria
Portugal,Spain
Portugal,Kenya
Portugal,Hong Kong
Portugal,Russia
Portugal,Germany
Portugal,Sweden
Portugal,South Africa
Portugal,Mexico
Portugal,Chile
Portugal,Norway
Portugal,United Arab Emirates
Portugal,France
Portugal,Thailand
Qatar,Switzerland
Qatar,Spain
Qatar,Saudi Arabia
Qatar,United Kingdom
Qatar,Austria
Qatar,Costa Rica
Qatar,Japan
Qatar,Norway
Qatar,Netherlands
Qatar,China
Qatar,Germany
Qatar,India
Qatar,Colombia
Qatar,Denmark
Qatar,Thailand
Qatar,Greece
Qatar,Chile
Qatar,Italy
Russia,Turkey
Russia,Colombia
Russia,China
Russia,Egypt
Russia,Thailand
Russia,Chile
Russia,Mexico
Russia,Denmark
Russia,Sweden
Russia,Costa Rica
Russia,Germany
Russia,Canada
Russia,Qatar
Russia,United States
Russia,Kenya
Russia,Netherlands
Russia,Argentina
Russia,Libya
Saudi Arabia,Brazil
Saudi Arabia,Libya
Saudi Arabia,Russia
Saudi Arabia,Kenya
Saudi Arabia,India
Saudi Arabia,Greece
Saudi Arabia,Chile
Saudi Arabia,Denmark
Saudi Arabia,Thailand
Saudi Arabia,Italy
Saudi Arabia,Egypt
Saudi Arabia,France
Saudi Arabia,China
Saudi Arabia,Netherlands
Saudi Arabia,Argentina
Saudi Arabia,South Korea
Saudi Arabia,New Zealand
Saudi Arabia,United States
Sweden,Egypt
Sweden,Thailand
Sweden,Denmark
Sweden,Brazil
Sweden,Chile
Sweden,India
Sweden,Norway
Sweden,Canada
Sweden,South Korea
Sweden,Hong Kong
Sweden,Japan
Sweden,Costa Rica
Sweden,Qatar
Sweden,Nepal
Sweden,Kenya
Sweden,Saudi Arabia
Sweden,New Zealand
Sweden,Greece
Sweden,Croatia
Switzerland,Nepal
Switzerland,United Kingdom
Switzerland,Russia
Switzerland,Argentina
Switzerland,Thailand
Switzerland,Croatia
Switzerland,Brazil
Switzerland,Portugal
Switzerland,Colombia
Switzerland,Qatar
Switzerland,Sweden
Switzerland,France
Switzerland,South Africa
Switzerland,India
Switzerland,Chile
Switzerland,China
Switzerland,Uruguay
Switzerland,Turkey
Switzerland,Egypt
Spain,Australia
Spain,United Kingdom
Spain,Russia
Spain,Japan
Spain,Canada
Spain,United States
Spain,Kenya
Spain,Argentina
Spain,Austria
Spain,Germany
Spain,Hong Kong
Spain,Costa Rica
Spain,Uruguay
Spain,India
Spain,Colombia
Spain,Greece
South Africa,Mexico
South Africa,Netherlands
South Africa,Turkey
South Africa,Iran
South Africa,United Arab Emirates
South Africa,Chile
South Africa,India
South Africa,South Korea
South Africa,Spain
South Africa,Germany
South Africa,Austria
South Africa,Nepal
South Africa,United States
South Africa,Saudi Arabia
South Africa,Kenya
South Africa,United Kingdom
South Africa,Argentina
South Africa,Libya
South Africa,France
South Korea,Denmark
South Korea,Costa Rica
South Korea,China
South Korea,Portugal
South Korea,Iran
South Korea,Kenya
South Korea,Colombia
South Korea,Brazil
South Korea,Israel
South Korea,Russia
South Korea,Spain
South Korea,Libya
South Korea,Italy
South Korea,Nepal
South Korea,Chile
Turkey,India
Turkey,South Korea
Turkey,Costa Rica
Turkey,Sweden
Turkey,United Kingdom
Turkey,China
Turkey,Germany
Turkey,Uruguay
Turkey,Nepal
Turkey,Denmark
Turkey,Australia
Turkey,Norway
Turkey,Canada
Turkey,Israel
Turkey,Libya
Turkey,Spain
Turkey,Kenya
Turkey,Portugal
Turkey,Brazil
Turkey,Argentina
Thailand,United Kingdom
Thailand,South Korea
Thailand,Sweden
Thailand,Hong Kong
Thailand,South Africa
Thailand,China
Thailand,Qatar
Thailand,Uruguay
Thailand,Germany
Thailand,Costa Rica
Thailand,Turkey
Thailand,Greece
Thailand,Norway
Thailand,Chile
Thailand,Argentina
Thailand,Austria
Thailand,Iran
Thailand,Brazil
Thailand,Netherlands
Uruguay,Germany
Uruguay,Mexico
Uruguay,Hong Kong
Uruguay,Costa Rica
Uruguay,France
Uruguay,South Africa
Uruguay,India
Uruguay,South Korea
Uruguay,Colombia
Uruguay,Nepal
Uruguay,Libya
Uruguay,Israel
Uruguay,Switzerland
Uruguay,United Kingdom
Uruguay,Japan
Uruguay,Croatia
Uruguay,Brazil
United Kingdom,Netherlands
United Kingdom,Argentina
United Kingdom,Croatia
United Kingdom,China
United Kingdom,Israel
United Kingdom,Brazil
United Kingdom,Chile
United Kingdom,Egypt
United Kingdom,Qatar
United Kingdom,Thailand
United Kingdom,Hong Kong
United Kingdom,United Arab Emirates
United Kingdom,Switzerland
United Kingdom,Germany
United Kingdom,India
United Kingdom,Costa Rica
United States,Russia
United States,Spain
United States,Mexico
United States,Portugal
United States,Brazil
United States,United Kingdom
United States,Netherlands
United States,Argentina
United States,Chile
United States,Costa Rica
United States,Sweden
United States,Hong Kong
United States,France
United States,Uruguay
United States,Japan
United States,Turkey
United States,Australia
United States,Norway
United Arab Emirates,Iran
United Arab Emirates,Colombia
United Arab Emirates,United Kingdom
United Arab Emirates,Austria
United Arab Emirates,Spain
United Arab Emirates,United States
United Arab Emirates,Croatia
United Arab Emirates,Hong Kong
United Arab Emirates,Russia
United Arab Emirates,Germany
United Arab Emirates,South Korea
United Arab Emirates,Qatar
United Arab Emirates,Costa Rica
United Arab Emirates,Japan
United Arab Emirates,Mexico
United Arab Emirates,Portugal
United Arab Emirates,Italy
United Arab Emirates,Libya
